iter	Logloss
0	0.5803137521
1	0.4954282011
2	0.4309861283
3	0.3744191414
4	0.3392695669
